INSERT INTO musicians (id, musician, nickname)
	VALUES (1,'Сектор Газа','Юрий Хой'),(2,'Михаил Круг','Миха'),(3,'Руки Вверх','Сергей Жуков'),(4,'Золотое кольцо','Надежда Кадышева'),
		(5,'Snoop Dogg','Snoop'),(6,'Тимати','Тиму?р Ильда?рович Юну?сов'),(7,'Егор Крид','Его?р Никола?евич Була?ткин'),
		(8,'AC/DC','братья Малькольмы и Ангус Янгам');

INSERT INTO genres(id, name_genre)
	VALUES (1,'Шансон'),(2,'Рок'),(3,'Народные песни'),(4,'ПОП-музыка'),(5,'Рэп');
	
INSERT INTO genre_musician(id, genres_id, musician_id)
	VALUES (1,1,2),(2,2,1),(6,2,8),(3,3,4),(4,4,3),(7,4,7),(5,5,6),(8,5,5);

INSERT INTO albums(id, name_album, year_of_release_album)
	VALUES (1,'Колхозный панк',1991),(2,'Жиган-лимон',1994),(3,'Маленькие девочки',2001),(4,'Течёт ручей',1995),(5,'No Limit Top Dogg',1999),
	(6,'Black Star',2020),(7,'Холостяк',2019),(8,'Back in Black',1980);
	
INSERT INTO tracks(id, name_track, duration, album_id)
	VALUES (1,'Колхозный панк', '2.38', 1),(2,'Местные','3.50',1),(3,'А сечку жрите сами','2.59',2),(4,'Девочка — пай','2.49',2),
	(5,'18 Мне Уже','4.07',3), (6,'мой сынок','3.50',3),(7,'Течёт ручей','3.01',4),(8,'Buck Em','2.44',5),(9,'Bitch Please','3.54',5),
	(10,'В Клубе','4.25',6),(11,'Я и Ты','4.44',6),(12,'Самая самая','3.50',7),(13,'Ревность','3.18',7),(14,'Hells Bells','5.12',8),
	(15,'Back in Black','4.15',8),(16,'Back','4.1',8);
	
INSERT INTO digests(id, name_digest, year_of_release_digest)
	VALUES (1,'Лучшие песни Сектор-Газа',2005),(2,'Лучшие песни М.Круга',2010),(3,'Лучшие песни Руки Вверх',2018),
	(4,'Песни Надежды Кадышевой',1995), (5,'Лучшие песни Snoop DOgg',2020),(6,'Тимати-Лучшии из',2013),(7,'Лучшие песни Крида',2021),
	(8,'AC/DC лучшие на все времена',2001);
	
INSERT INTO composition_digest(id, digest_id, track_id)
	VALUES (1,1,1),(2,1,2),(3,2,3),(4,2,4),(5,3,5),(6,3,6),(7,4,7),(8,5,8),(9,5,9),(10,6,10),(11,6,11),(12,7,12),
	(13,7,13),(14,8,14),(15,8,15);
	
INSERT INTO musicians_albums(id, musician_id, album_id)
	VALUES (1,1,1),(2,2,2),(3,3,3),(4,4,4),(5,5,5),(6,6,6),(7,7,7),(8,8,8),(9,8,8);